Name,Term,ES,NES,NOM p-val,FDR q-val,FWER p-val,Tag %,Gene %,Lead_genes
prerank,p53 Pathway,0.6523455552471775,2.5597959475067587,0.0,0.0,0.0,77/182,14.84%,EPHA2;FDXR;CDKN1A;PHLDA3;PLK2;GLS2;MDM2;ZMAT3;TNFSF9;ATF3;SDC1;BAX;XPC;RPS27L;FAS;PLK3;OSGIN1;AEN;BTG2;GADD45A;SESN1;DDB2;RRAD;PLXNB2;IER5;POLH;TRIAP1;EPS8L2;LIF;DDIT4;RGS16;AK1;PVT1;CYFIP2;PIDD1;DGKA;SOCS1;NINJ1;RNF19B;CCNG1;DRAM1;HMOX1;IFI30;H1-2;TOB1;PTPRE;DDIT3;TAX1BP3;ADA;TCN2;CTSD;PPP1R15A;MXD4;H2AW;IER3;ABHD4;ALOX15B;HBEGF;IRAG2;NOTCH1;JAG2;PROCR;PTPN14;CD82;TRAF4;PPM1D;FOS;ANKRA2;RHBDF2;PRKAB1;H2AJ;RPL36;RETSAT;TXNIP;S100A10;TAP1;TM7SF3
prerank,TNF-alpha Signaling via NF-kB,0.6070631682260141,2.3878715583250956,0.0,0.0,0.0,72/182,14.88%,CDKN1A;PLK2;CCL2;TNFSF9;SERPINE1;CD80;ATF3;NR4A1;BTG2;INHBA;GADD45A;IER5;EGR3;JUNB;NR4A2;LIF;PHLDA2;EGR2;GEM;MAFF;CXCL3;DUSP4;PER1;NR4A3;ABCA1;NFKB2;NINJ1;RHOB;RNF19B;BHLHE40;AREG;DRAM1;ZC3H12A;TRIB1;PLPP3;RELB;PTPRE;ZFP36;ICAM1;SGK1;PPP1R15A;MSC;CCRL2;TRAF1;IER3;CSF1;CCL5;HBEGF;DUSP2;CCND1;TNIP1;IER2;PTGER4;NFKBIE;DUSP5;EGR1;BCL2A1;PLAU;EIF1;PTGS2;FOS;CD44;CCL4;BCL6;CLCF1;SLC2A3;ID2;RELA;TAP1;DUSP1;SLC2A6;SQSTM1
prerank,E2F Targets,-0.514418999351514,-2.3352624261679558,0.0,0.0,0.0,129/200,30.54%,RNASEH2A;ANP32E;HELLS;SRSF1;GINS1;TMPO;CDKN2A;DCK;UNG;E2F8;USP1;CENPE;MYC;MAD2L1;DEK;LBR;CHEK1;LYAR;SPC25;NUDT21;MELK;SYNCRIP;MMS22L;DUT;PSIP1;WEE1;DEPDC1;SMC6;MKI67;PMS2;RAD51AP1;DSCC1;CDK1;MCM4;CCNE1;RAD1;NOLC1;POLD3;RFC3;MRE11;BARD1;CDC25A;EIF2S1;KIF18B;LMNB1;NUP107;EXOSC8;RANBP1;BRMS1L;ESPL1;SMC4;EZH2;CDKN1B;UBE2T;DLGAP5;MCM6;PRKDC;DONSON;RRM2;HNRNPD;ORC6;TRIP13;RACGAP1;MCM3;CTPS1;CTCF;XPO1;CBX5;MSH2;BRCA1;TIPIN;CSE1L;BRCA2;SRSF2;SLBP;RPA3;SMC1A;NOP56;TIMELESS;ATAD2;H2AZ1;PDS5B;MTHFD2;PAICS;STMN1;DIAPH3;SSRP1;SHMT1;CIT;AURKB;NBN;SPC24;TRA2B;ORC2;SMC3;POLE;KIF4A;PLK4;CDKN3;DCLRE1B;RAD21;MYBL2;CKS2;GINS3;TCF19;BUB1B;HMMR;CHEK2;EED;RAN;UBR7;MCM7;LUC7L3;TUBB;RPA2;ZW10;PA2G4;TP53;RFC2;PRPS1;CNOT9;PHF5A;CCP110;NASP;PRIM2;BIRC5;TUBG1;AK2;CDKN2C
prerank,G2-M Checkpoint,-0.4716283174570089,-2.146176515351776,0.0,0.0,0.0,120/197,31.74%,SRSF1;MARCKS;TMPO;SLC12A2;G3BP1;CENPE;PBK;MYC;MAD2L1;LBR;CHEK1;CCNF;SYNCRIP;KNL1;CDC7;MKI67;CCNA2;TFDP1;FBXO5;ORC5;KIF11;CDK1;PURA;AMD1;SLC38A1;NOLC1;CASP8AP2;BARD1;CBX1;CDC25A;RBL1;LMNB1;DBF4;SLC7A1;RAD23B;MAP3K20;ESPL1;EXO1;HNRNPU;SMC4;EZH2;CDKN1B;KIF20B;GINS2;DR1;MCM6;HNRNPD;ORC6;RACGAP1;MCM3;UCK2;CTCF;XPO1;CDC27;NUP50;CDC45;NCL;E2F2;BRCA2;SRSF2;KIF23;NDC80;SMC1A;KIF5B;CHAF1A;H2AZ1;BUB3;KIF15;SS18;WRN;PDS5B;TPX2;STMN1;SAP30;CUL5;POLQ;AURKB;SRSF10;DTYMK;TRA2B;MTF2;TTK;POLE;KIF4A;PLK4;CDC6;CDKN3;ATRX;RAD21;MYBL2;CKS2;MT2A;MEIS1;CENPF;CUL4A;SNRPD1;HMMR;NSD2;SMC2;KPNB1;PRPF4B;STIL;RPA2;HMGN2;NUSAP1;RPS6KA5;TNPO2;H2AZ2;TOP1;NASP;SFPQ;PRIM2;BIRC5;SMARCC1;CDKN2C;BUB1;POLA2;RAD54L;TENT4A;E2F1
prerank,Myc Targets V1,-0.46257007037915254,-2.125087282890606,0.0,0.0,0.0,116/200,35.94%,SRSF1;G3BP1;USP1;EIF1AX;MYC;MAD2L1;DEK;ABCE1;PRPS2;SYNCRIP;DUT;SRSF3;HSPE1;CCNA2;EIF4E;TFDP1;PSMA2;YWHAQ;MCM4;HNRNPR;NOLC1;VBP1;PTGES3;EIF2S1;RANBP1;SET;IFRD1;RAD23B;DDX18;HNRNPU;FAM120A;RPS10;TARDBP;CBX3;NCBP2;PRDX3;MCM6;EIF3J;SERBP1;DDX21;HPRT1;HNRNPD;SRPK1;RFC4;GLO1;CTPS1;AP3S1;XPO1;CDC45;HNRNPA3;TOMM70;XPOT;SSB;SRSF2;UBE2E1;SNRPD3;NOP56;H2AZ1;BUB3;RRM1;GNL3;NOP16;CAD;TRA2B;CCT5;YWHAE;LDHA;HNRNPA2B1;ORC2;C1QBP;CDK2;CANX;PSMA6;HSPD1;PSMA1;POLE3;SNRPD1;RAN;KPNB1;MCM7;SRSF7;UBA2;STARD7;PA2G4;PSMD14;ERH;EXOSC7;DHX15;RPL22;SSBP1;HNRNPC;GOT2;SMARCC1;CNBP;SNRPG;EIF2S2;POLD2;PABPC4;FBL;HDDC2;PHB;ACP1;CSTF2;EIF3B;PSMA4;NME1;PGK1;ODC1;EPRS1;VDAC1;MCM5;PSMD1;GSPT1;HDAC2;EIF4A1;VDAC3
prerank,Epithelial Mesenchymal Transition,0.5496738050466902,2.072692423713849,0.0,0.0,0.0,53/132,16.99%,ACTA2;SLC6A8;NT5E;SERPINE1;CXCL8;ITGB5;SDC1;SCG2;FAS;GPC1;INHBA;GADD45A;LRP1;GEM;PDGFRB;SPP1;IGFBP4;FN1;RHOB;FBN2;AREG;MMP14;COL6A2;LGALS1;CCN2;MYL9;COL16A1;COL7A1;TGFBI;FZD8;THBS1;BMP1;COL1A2;MMP2;LAMA3;ECM1;MATN2;COL6A3;TIMP1;FSTL3;IGFBP2;CAPG;TAGLN;FLNA;CD44;ID2;VIM;EFEMP2;PLAUR;SAT1;COL5A2;PLOD3;JUN
prerank,Inflammatory Response,0.5338282339883058,2.0636961559962015,0.0,0.00025587808830637135,0.001,53/154,15.92%,CDKN1A;CD70;EBI3;CCL2;TNFSF9;SERPINE1;CXCL8;CD14;BTG2;INHBA;RGS1;AQP9;LIF;C5AR1;CCR7;RGS16;LAMP3;ABCA1;PTGIR;MMP14;SCN1B;PTPRE;IRF7;C3AR1;ICAM1;IL10RA;OSM;GNA15;CCRL2;CLEC5A;GPR132;CSF1;CCL5;HBEGF;NMUR1;IL1R1;IRAK2;IL4R;PTGER4;CD82;P2RX4;TIMP1;NLRP3;PIK3R5;IL2RB;RELA;IL18RAP;LCK;AXL;CCL22;BST2;IFITM1;PLAUR
prerank,Apoptosis,0.5005724979591822,1.9086415879137744,0.0,0.00040940494129019416,0.002,56/147,20.37%,FDXR;CDKN1A;PRF1;ATF3;CD38;BAX;FAS;CD14;BTG2;GADD45A;FEZ1;EGR3;GPX1;PDGFRB;RHOB;CCNA1;LMNA;HMOX1;DDIT3;GNA15;GSN;IER3;CCND1;AIFM3;BMF;MMP2;KRT18;HSPB1;RARA;TIMP1;PPP2R5B;CD44;RETSAT;TXNIP;RELA;TAP1;SQSTM1;GPX4;SAT1;TSPO;EMP1;JUN;LGALS3;MGMT;TNFSF10;IGFBP6;NEDD9;CASP4;ISG20;TNFRSF12A;CASP1;IL1A;CDC25B;RHOT2;BCL2L1;IFITM3
prerank,Myogenesis,0.500114975489878,1.8745650453859588,0.0,0.0008529269610212379,0.005,37/128,13.90%,CDKN1A;SLC6A8;ITGB5;CASQ1;LARGE1;DTNA;SCHIP1;COL15A1;AGRN;PGAM2;PLXNB2;CTF1;CKM;AK1;NCAM1;MYOM1;BHLHE40;NAV2;DAPK2;PYGM;PTP4A3;MYL4;COL6A2;MYLPF;GSN;KIFC3;HDAC5;HBEGF;NOTCH1;COL6A3;GAA;LSP1;TAGLN;RYR1;MAPRE3;ADCY9;SPEG
prerank,IL-6/JAK/STAT3 Signaling,0.5266732729257116,1.8327351652209383,0.0,0.001169728403686269,0.008,23/70,13.61%,EBI3;IL10RB;CD38;FAS;CD14;IL1R2;DNTT;CXCL3;A2M;SOCS1;HMOX1;PF4;IL2RA;CSF1;IL1R1;IL4R;IL13RA1;LTBR;CD44;CD9;PIM1;IL12RB1;PIK3R5
prerank,Hypoxia,0.4627830044194077,1.7945989950382615,0.0,0.0017911466181445995,0.014,43/160,16.09%,CDKN1A;PGF;DPYSL4;SERPINE1;ATF3;LARGE1;GPC1;DTNA;MIF;PGAM2;P4HA2;DDIT4;MAFF;ALDOA;NDST2;INHA;BHLHE40;CSRP2;HMOX1;PYGM;DDIT3;ZFP36;CCN2;PPP1R15A;IER3;TGFBI;RORA;CDKN1C;CHST3;PHKG1;GAA;GBE1;FOS;PLIN2;FBP1;PIM1;HEXA;HS3ST1;SLC2A3;DUSP1;PLAUR;GALK1;SRPX
prerank,Myc Targets V2,-0.4448185514880022,-1.6698617330508876,0.002770083102493075,0.009871989585593403,0.04,35/58,38.99%,UNG;MYC;HSPE1;MCM4;NDUFAF4;NOLC1;PRMT3;SLC29A2;DDX18;CBX3;NIP7;NOP2;NOP56;GNL3;NOP16;WDR43;PLK4;PPRC1;HSPD1;MPHOSPH10;PA2G4;TMEM97;SLC19A1;RCL1;LAS1L;SORD;PHB;DCTPP1;MCM5;HK2;SUPV3L1;MYBBP1A;MRTO4;GRWD1;SRM
prerank,Angiogenesis,0.5929101459377911,1.6305772882554703,0.01652892561983471,0.014215449350353964,0.116,8/22,16.43%,SPP1;PF4;PRG2;JAG2;LRPAP1;TIMP1;COL5A2;PDGFA
prerank,Coagulation,0.41448882202661885,1.4599875595121992,0.02745664739884393,0.08044807096352316,0.549,31/85,19.59%,PROC;SERPINE1;GP9;C8G;LRP1;MAFF;A2M;F12;CTSV;FN1;MMP14;PF4;CTSH;GSN;THBS1;BMP1;MMP2;PLAU;TIMP1;CAPN5;CD9;MMP11;FURIN;S100A1;MST1;DUSP14;F8;WDR1;CFH;ISCU;CTSB
prerank,Xenobiotic Metabolism,0.3704682157389186,1.4212049964491262,0.018944519621109608,0.10197904901228472,0.661,34/146,16.80%,EPHA2;SERPINE1;FAS;CYP4F2;BCAR1;AQP9;APOE;CYFIP2;CYP2J2;IGFBP4;VNN1;NINJ1;HMOX1;DDAH2;RAP1GAP;SMOX;ABCC2;IL1R1;SERTAD1;CYP2S1;GABARAPL1;PEMT;CROT;LCAT;FBP1;FMO1;ID2;RETSAT;JUP;SLC12A4;NDRG2;POR;ECH1;PPARD
prerank,Allograft Rejection,0.36557608819897175,1.4100974700490654,0.024967148488830485,0.1025218207147528,0.684,71/163,26.42%,CCL2;PRF1;CD80;FAS;INHBA;HLA-G;LIF;GZMB;CXCR3;RPS19;SOCS1;PF4;IRF7;CRTAM;ICAM1;IL2RA;CD3D;GBP2;CSF1;ELANE;CCL5;CFP;RPL39;ITK;IL4R;CD7;APBB1;RPS9;TIMP1;NLRP3;CD8A;CAPG;CD3E;FLNA;CCL4;IL12RB1;PTPN6;IL2RB;FGR;IL18RAP;LCK;TAP1;ITGB2;CCL22;HLA-E;CD74;HLA-DQA1;HLA-A;CTSS;PSMB10;SPI1;CCND3;STAB1;HLA-DOA;ELF4;RPL9;EIF3D;TRAF2;BCL3;CD86;ITGAL;HLA-DMA;HCLS1;STAT4;HIF1A;CCR1;TGFB1;ICOSLG;HLA-DRA;IL27RA;NCF4
prerank,IL-2/STAT5 Signaling,0.35700647080716735,1.3936422093301095,0.02077922077922078,0.1077837239665915,0.725,51/176,18.09%,NT5E;TNFRSF18;SPRY4;LIF;IL1R2;RGS16;DHRS3;MAFF;TNFRSF4;SPP1;SOCS1;RHOB;BHLHE40;CAPN3;PLEC;PLPP1;IL10RA;IL2RA;PRAF2;TRAF1;CSF1;CD79B;RORA;SMPDL3A;MYO1E;ANXA4;CDKN1C;IL4R;GABARAPL1;ECM1;P2RX4;IL1RL1;PLIN2;CCR4;CAPG;CD44;PIM1;SLC2A3;BATF;FURIN;IL2RB;S100A1;GPX4;CST7;EMP1;CD48;IL18R1;TNFSF10;RNH1;HOPX;NCS1
prerank,Complement,0.35705435283484444,1.3673081637502904,0.03650586701434159,0.12508783116920041,0.793,58/155,24.33%,SERPINE1;GP9;F5;ME1;PLA2G7;KCNIP3;LRP1;GZMB;MAFF;GATA3;CTSV;FN1;PRSS3;CPM;MMP14;IRF7;CTSD;CTSH;CCL5;ITGAM;SRC;S100A9;DUSP5;TIMP1;DOCK4;PIM1;FCER1G;PIK3R5;LCK;APOBEC3G;MSRB1;CTSL;L3MBTL4;PLAUR;F8;LGALS3;APOBEC3F;CTSS;CASP4;CFH;CASP1;CTSB;BRPF3;PLEK;PPP4C;ATOX1;KCNIP2;PSMB9;SPOCK2;FCN1;CD55;GNB2;RHOG;PLSCR1;PCLO;CDA;SH2B3;CASP10
prerank,Interferon Gamma Response,0.33993740672132683,1.3420565432958178,0.03416557161629435,0.14151764137264378,0.849,66/186,26.72%,CDKN1A;CCL2;CD38;FAS;HLA-G;SOCS1;HELZ2;ISG15;SLAMF7;IFI30;IRF7;ICAM1;IL10RA;ZBP1;FCGR1A;CCL5;IL4R;IFI27;MVP;HLA-B;SECTM1;PTGS2;PIM1;SP110;PTPN6;IL2RB;TXNIP;TAP1;MX2;VAMP5;IL18BP;BST2;CD74;OASL;HLA-DQA1;TNFSF10;HLA-A;IFIT3;CASP4;ISG20;CFH;PSMB10;CASP1;IFITM3;IFI35;PSMB8;PSMB9;CD86;NFKBIA;RNF31;UPP1;PLSCR1;HLA-DMA;STAT4;HIF1A;ITGB7;TNFAIP3;DHX58;CASP8;STAT3;CD69;OGFR;PML;RBCK1;IRF5;CIITA
prerank,Interferon Alpha Response,0.35871924762162516,1.3030823888905423,0.08997050147492626,0.17847496659369405,0.92,37/94,26.31%,LAMP3;HELZ2;ISG15;IFI30;IRF7;GBP2;CCRL2;CSF1;IL4R;PROCR;IFI27;TRIM5;TMEM140;HLA-C;SP110;TXNIP;TAP1;BST2;IFITM1;TENT5A;CD74;OASL;IFIT3;ISG20;CASP1;MVB12A;IFITM3;IFI35;PSMB8;PSMB9;RNF31;PLSCR1;GMPR;OAS1;DHX58;CASP8;OGFR
prerank,Apical Junction,0.3358972038027015,1.27670916149751,0.07581699346405228,0.20313709881075226,0.952,39/144,18.93%,NECTIN4;ITGA10;FLNC;TMEM8B;CALB2;RRAS;MAPK13;GAMT;ITGA3;CD276;ICAM1;MYL9;COL16A1;TRAF1;TGFBI;ICAM2;ALOX15B;MVD;ZYX;MAPK11;BMP1;MMP2;SRC;LAMA3;FSCN1;ADAM23;ACTG1;NECTIN2;SPEG;NRXN2;CNN2;JUP;CERCAM;ARPC2;ITGA9;BAIAP2;RAC2;IKBKG;NLGN3
prerank,Protein Secretion,-0.3058509591389074,-1.2535622107389244,0.10610932475884244,0.22282490778910827,0.676,33/89,30.90%,TPD52;SCAMP1;ANP32E;TMX1;ATP7A;VPS4B;LAMP2;VAMP4;ARFIP1;RAB2A;BET1;ARFGEF1;TMED2;AP3S1;RAB14;CLCN3;LMAN1;DNM1L;STAM;NAPG;YIPF6;STX12;ZW10;RPS6KA3;ADAM10;MON2;MAPK1;CTSC;PAM;TMED10;COG2;SNAP23;STX7
prerank,Apical Surface,0.41803917812081487,1.2256445025320075,0.1844331641285956,0.275381684815057,0.986,9/29,16.09%,SULF2;GATA3;TMEM8B;GHRL;SLC2A4;HSPB1;IL2RB;PLAUR;SRPX
prerank,Hedgehog Signaling,0.43840996312345726,1.2105782004880035,0.23953098827470687,0.2870144114729151,0.993,5/25,6.45%,RTN1;SCG2;NRCAM;SLIT1;CELSR1
prerank,Glycolysis,0.3104386760384461,1.209061328372688,0.13376623376623376,0.2754271742529781,0.993,23/167,12.02%,DPYSL4;NT5E;SDC1;ME1;GPC1;MIF;AGRN;PGAM2;ARTN;P4HA2;DDIT4;ALDOA;CHPF;B3GNT3;SLC16A3;IER3;IDUA;TGFBI;LCT;B4GALT7;IL13RA1;GALE;CAPN5
prerank,UV Response Up,0.3165948736157606,1.1920352448818672,0.15932642487046633,0.29062876963255097,0.996,28/137,14.98%,SLC6A8;ATF3;NR4A1;BTG2;RRAD;JUNB;ALDOA;CTSV;HTR7;RHOB;HMOX1;MMP14;PLCL1;ICAM1;GRINA;HLA-F;CDKN1C;SPR;COL2A1;IGFBP2;FOS;FMO1;AQP3;FURIN;DGAT1;TAP1;SQSTM1;ATP6V1F
prerank,KRAS Signaling Dn,0.32135617856546206,1.1567597675541408,0.21937321937321938,0.34171355611096316,0.999,20/96,13.69%,CD80;EGF;BTG2;UPK3B;NR4A2;CKM;CCNA1;FGF16;GAMT;SGK1;ZNF112;IDUA;PRKN;THRB;THNSL2;CCDC106;COL2A1;IGFBP2;RYR1;ARHGDIG
prerank,Mitotic Spindle,-0.24144749605399896,-1.1192856917671952,0.15246636771300448,0.46147633856464404,0.92,58/196,23.16%,ECT2;MARCKS;SASS6;CENPE;ARHGAP5;PPP4R2;BCL2L11;TUBD1;WASL;FBXO5;LATS1;KIF11;CDK1;ANLN;CD2AP;TLK1;RAPGEF6;LMNB1;RASA2;MID1;ESPL1;ARF6;SMC4;KIF20B;HOOK3;DLGAP5;ARFGEF1;RACGAP1;RICTOR;PKD2;CDC27;CEP192;SOS1;PCGF5;TUBGCP5;BRCA2;RANBP9;TUBA4A;KIF23;NDC80;EPB41;SMC1A;KNTC1;KIF5B;KIF15;DLG1;TPX2;DYNLL2;EPB41L2;YWHAE;CEP72;TTK;SMC3;KIF4A;CDC42EP1;TUBGCP3;GEMIN4;CEP57
prerank,Notch Signaling,0.3826270816150631,1.1142890269057697,0.315702479338843,0.4152345116498698,0.999,9/30,24.16%,HEYL;NOTCH3;NOTCH1;CCND1;DTX2;PPARD;ARRB1;DTX4;MAML2
prerank,KRAS Signaling Up,0.2826011788301529,1.0712712103580795,0.31830601092896177,0.4964034913143605,1.0,39/138,21.52%,PRDM1;INHBA;LIF;RGS16;SPP1;CPE;PPBP;TRIB1;SCN1B;C3AR1;IL10RA;PPP1R15A;TRAF1;ADAM8;LAPTM5;HBEGF;SNAP25;MAFB;SPRY2;PLAU;CROT;PTGS2;MMP11;KCNN4;FCER1G;ID2;JUP;ITGB2;PLAUR;CCSER2;EMP1;CTSS;CFH;ACE;CXCR4;PSMB8;SEMA3B;CD37;ZNF277
prerank,Cholesterol Homeostasis,0.2942843592267646,0.98852107003283,0.4582089552238806,0.6865311460495267,1.0,19/66,24.56%,ATF3;TP53INP1;CXCL16;MVD;S100A11;ETHE1;ACTG1;CD9;FBXO6;PLAUR;ECH1;LGALS3;TNFRSF12A;SEMA3B;TM7SF2;STX5;TRIB3;PLSCR1;NSDHL
prerank,DNA Repair,0.25277588448455374,0.9642596831791401,0.510840108401084,0.7248042095226015,1.0,48/147,28.07%,XPC;DDB2;POLH;AK1;MPG;POLD4;PDE6G;ADA;NME3;VPS37B;GSDME;RRM2B;REV3L;NT5C;SAC3D1;GPX4;SURF1;GUK1;ADCY6;APRT;TARBP2;ELL;VPS28;POLR3GL;IMPDH2;STX3;CANT1;POLR1D;POLL;POLR2G;EIF1B;TAF12;DGUOK;EDF1;ZNRD1;COX17;DAD1;HCLS1;USP11;CDA;TSG101;NFX1;ADRM1;POLR2E;LIG1;PCNA;TK2;POLR2A
prerank,UV Response Dn,-0.21946468929869556,-0.9604416468878016,0.5890909090909091,1.0,0.999,21/122,17.09%,BMPR1A;IRS1;LPAR1;DDAH1;PRKAR2B;NEK7;AGGF1;MYC;SCN8A;ID1;MMP16;F3;RASA2;SLC7A1;GCNT1;CDKN1B;RUNX1;MT1E;CITED2;TGFBR3;DYRK1A
prerank,Estrogen Response Late,0.2520485359468599,0.9595657790635341,0.5508474576271186,0.7095215079748671,1.0,29/144,14.63%,LARGE1;KRT19;MYOF;EGR3;WFS1;CPE;IGFBP4;MAPK13;LLGL2;CCNA1;AREG;TOB1;DHRS2;PLXNB1;ZFP36;SGK1;DUSP2;CCND1;S100A9;GALE;FOS;DLG5;CD44;CD9;TPSAB1;BATF;PTPN6;ID2;UNC13B
prerank,Adipogenesis,0.2362234119657793,0.9275273818087948,0.6058588548601864,0.7696081816003346,1.0,37/177,20.92%,ME1;GADD45A;COL15A1;PHLDB1;CMBL;APOE;ALDOA;ABCA1;REEP6;TOB1;SQOR;ENPP2;NDUFB7;DRAM2;NABP1;PEMT;GBE1;PLIN2;ESRRA;UBC;BCL6;RETSAT;DGAT1;ACADS;VEGFB;GPX4;POR;ECH1;ADCY6;TKT;SOWAHC;PIM3;TANK;ETFB;UCP2;IDH3G;PFKL
prerank,Estrogen Response Early,0.23796122140896223,0.9095860034436236,0.6529492455418381,0.7904338849254473,1.0,26/147,14.43%,KRT19;MYOF;EGR3;WFS1;DHRS3;CALB2;IGFBP4;BHLHE40;NAV2;AREG;KDM4B;TOB1;DHRS2;NADSYN1;CELSR1;KRT8;CCND1;KRT18;RARA;WWC1;FOS;CD44;UNC119;ADCY9;AQP3;TSKU
prerank,Androgen Response,-0.21699437688765613,-0.8977507075650706,0.7165605095541401,1.0,1.0,43/90,33.90%,TPD52;NKX3-1;HERC3;SPCS3;SLC26A2;ELK4;SCD;IDI1;APPBP2;UAP1;TNFAIP8;GPD1L;FKBP5;GNAI3;TSC22D1;SRP19;HMGCS1;CDK6;LMAN1;STK39;ITGAV;SELENOP;MAP7;ELOVL5;NGLY1;RAB4A;PIAS1;VAPA;ACSL3;SLC38A2;RPS6KA3;PA2G4;HOMER2;CENPN;SMS;SORD;XRCC5;UBE2I;HMGCR;CAMKK2;GSR;B4GALT1;INSIG1
prerank,TGF-beta Signaling,-0.24610839472564525,-0.8939607916317643,0.6551724137931034,1.0,1.0,3/51,2.38%,CDH1;BMPR1A;LTBP2
prerank,heme Metabolism,-0.1932983442108561,-0.8759623897363922,0.7894736842105263,0.9953786070731178,1.0,62/182,29.42%,ALAS2;EPB42;ADD2;HBB;GCLM;DAAM1;SLC7A11;KLF1;DCUN1D1;NEK7;TRIM58;XK;SLC6A9;TCEA1;NUDT4;GLRX5;CPOX;RHAG;MBOAT2;ISCA1;KLF3;LAMP2;BNIP3L;GCLC;HBBP1;ALAD;HMBS;FN3K;SLC25A37;CDC27;KAT2B;MINPP1;ASNS;E2F2;TENT5C;EPB41;MFHAS1;TAL1;CLCN3;ABCG2;ERMAP;BACH1;FOXO3;PRDX2;FECH;DCAF10;OSBP2;SLC30A1;BMP2K;ANK1;FOXJ2;ARL2BP;MOSPD1;EIF2AK1;PICALM;GYPE;KEL;ICAM4;NNT;RCL1;TMEM9B;IGSF3
prerank,Fatty Acid Metabolism,0.22474850364662324,0.8518044027308183,0.7569352708058125,0.9058425496829954,1.0,8/136,6.75%,IL4I1;ME1;MIF;ALDOA;CEL;VNN1;REEP6;LGALS1
prerank,Reactive Oxygen Species Pathway,0.25747452918958197,0.8245869971625273,0.7448494453248812,0.9356223569581873,1.0,13/47,22.70%,JUNB;FTL;PDLIM1;LSP1;MSRA;CDKN2D;GPX4;SBNO2;IPCEF1;FES;ATOX1;G6PD;ABCC1
prerank,Spermatogenesis,-0.21013941732915958,-0.8206048157030481,0.8401253918495298,1.0,1.0,32/77,28.41%,NEFH;SLC12A2;NPHP1;ARL4A;CDK1;RAD17;CLGN;YBX2;GMCL1;OAZ3;DBF4;PRKAR2A;EZH2;PIAS2;RFC4;ZC3H14;TSN;TOPBP1;TTK;SIRT1;CDKN3;MAP7;NCAPH;JAM3;IL12RB2;PSMG1;PEBP1;PHF7;MLLT10;IDE;COIL;DMC1
prerank,Bile Acid Metabolism,0.22396175643747973,0.7950758653182675,0.8236173393124065,0.9627732920137606,1.0,11/80,14.47%,FDXR;AQP9;ABCA1;PEX16;PIPOX;OPTN;PEX11G;CROT;SLC22A18;RETSAT;LCK
prerank,mTORC1 Signaling,0.19981898882038407,0.7919932988068427,0.9193954659949622,0.9382816881750724,1.0,13/196,8.34%,FDXR;CDKN1A;ME1;BTG2;DDIT4;ALDOA;SYTL2;BHLHE40;CCNG1;IFI30;DDIT3;PPP1R15A;CFP
prerank,Wnt-beta Catenin Signaling,-0.23841337098654114,-0.7866947892418094,0.7841530054644809,0.9917432077336611,1.0,5/34,8.63%,NOTCH4;SKP2;MYC;FRAT1;LEF1
prerank,Unfolded Protein Response,0.18835839211268443,0.6901762261876722,0.9674220963172805,1.0,1.0,6/111,7.41%,CCL2;ATF3;DDIT4;WFS1;WIPI1;ZBTB17
prerank,PI3K/AKT/mTOR  Signaling,0.18682031090376433,0.672780822125919,0.9694868238557559,1.0,1.0,17/91,23.85%,CDKN1A;DDIT3;RPS6KA1;LCK;SQSTM1;NFKBIB;MKNK1;CXCR4;MKNK2;SLA;GRK2;TRAF2;PAK4;PRKAG1;PIN1;DUSP3;TRIB3
prerank,Oxidative Phosphorylation,-0.12477255480048574,-0.5679300613467111,1.0,0.996890142474868,1.0,15/197,9.82%,NDUFC2;COX11;DLAT;CYCS;CYB5A;NDUFB6;ACADSB;NDUFV2;IDH3A;SDHD;FXN;ISCA1;LDHB;ATP1B1;PDP1
prerank,Pperoxisome,0.14122824648694215,0.5059996752188152,1.0,0.9987490404571688,1.0,11/89,16.57%,DHRS3;ALB;CEL;CRABP2;FIS1;MVP;RETSAT;ABCB9;ACOT8;TSPO;ECH1
